ID	Income_2013	Income_2014	Income_2015	Expense_2013	Expense_2014	Expense_2015
leia	4174.303393127009	17343.670561287385	3027.561422725711	4366.533202774596	7958.103100133929	14127.954356968377
han	11064.901942708446	-5023.703278341394	-757.3985706080784	5804.344558168164	3463.2063031233693	15241.704861797258
luke	11341.838317722693	3547.0244235323207	11518.859123041117	13841.759593554594	13009.311101079766	11609.68253023599
